nombre_ciudad,nombre_pais
Nueva York,Estados Unidos
Nueva York,Estados Unidos
Milan,Italia
Nueva York,Estados Unidos
Roma,Italia
Tel Aviv,China
El Cairo,Egipto
Santiago,Chile
Milan,Italia
Nueva York,Estados Unidos
Beijing,China
Amsterdam,Paises Bajos
Caracas,Venezuela
Nueva York,Estados Unidos
Seul,Corea del Sur
San Francisco,Estados Unidos
Estambul,Turquia
Estambul,Turquia
San Francisco,Estados Unidos
Sidney,Australia
Ibiza,España
Atenas,Grecia
Sidney,Australia
Toronto,Canada
Milan,Italia
Nueva York,Estados Unidos
Caracas,Venezuela
Shangai,China
Miami,Estados Unidos
Toronto,Canada
Nueva Delhi,India
Estambul,Turquia
Tel Aviv,China
Sidney,Australia
Buenos Aires,Argentina
Amsterdam,Paises Bajos
Buenos Aires,Argentina
Buenos Aires,Argentina
Hong Kong,Hong Kong
Shangai,China
Rio de Janeiro,Brasil
Ibiza,España
San Francisco,Estados Unidos
Sidney,Australia
Sidney,Australia
Montevideo,Uruguay
Buenos Aires,Argentina
Madrid,España
Nueva York,Estados Unidos
Londres,Inglaterra
San Francisco,Estados Unidos
Nueva Delhi,India
Toronto,Canada
La Paz,Bolivia
Santiago,Chile
El Cairo,Egipto
Milan,Italia
Ibiza,España
Lima,Peru
Ciudad del Cabo,Sudafrica
Montevideo,Uruguay
Paris,Francia
Atenas,Grecia
Barcelona,España
Seul,Corea del Sur
Melbourne,Australia
San Francisco,Estados Unidos
Nueva Delhi,India
Rio de Janeiro,Brasil
Miami,Estados Unidos
La Paz,Bolivia
Milan,Italia
Santiago,Chile
Sao Pablo,Brasil
La Paz,Bolivia
Shangai,China
Ciudad del Cabo,Sudafrica
Rio de Janeiro,Brasil
Tel Aviv,China
Ciudad del Cabo,Sudafrica
Buenos Aires,Argentina
Ciudad del Cabo,Sudafrica
Caracas,Venezuela
Nueva York,Estados Unidos
Santiago,Chile
Estambul,Turquia
Sidney,Australia
Paris,Francia
Chicago,Estados Unidos
Cancun,Mexico
Atenas,Grecia
Amsterdam,Paises Bajos
Sidney,Australia
Madrid,España
Sao Pablo,Brasil
Rio de Janeiro,Brasil
Londres,Inglaterra
Milan,Italia
San Francisco,Estados Unidos
Santiago,Chile
Sao Pablo,Brasil
Estambul,Turquia
Milan,Italia
Chicago,Estados Unidos
Tel Aviv,China
Atenas,Grecia
Rio de Janeiro,Brasil
Beijing,China
Sidney,Australia
Estambul,Turquia
Lima,Peru
Montevideo,Uruguay
Ciudad del Cabo,Sudafrica
Seul,Corea del Sur
Ciudad del Cabo,Sudafrica
Santiago,Chile
Melbourne,Australia
Santiago,Chile
San Francisco,Estados Unidos
Nueva York,Estados Unidos
Nueva York,Estados Unidos
Sidney,Australia
Caracas,Venezuela
Ciudad del Cabo,Sudafrica
Montevideo,Uruguay
Paris,Francia
Estambul,Turquia
Tokio,Japon
Seul,Corea del Sur
Milan,Italia
Caracas,Venezuela
Ibiza,España
Rio de Janeiro,Brasil
Nueva York,Estados Unidos
Estambul,Turquia
Rio de Janeiro,Brasil
Hong Kong,Hong Kong
El Cairo,Egipto
Atenas,Grecia
Nueva York,Estados Unidos
Montevideo,Uruguay
La Paz,Bolivia
Shangai,China
Nueva York,Estados Unidos
Paris,Francia
Hong Kong,Hong Kong
Roma,Italia
Shangai,China
Sidney,Australia
Seul,Corea del Sur
Buenos Aires,Argentina
Seul,Corea del Sur
Paris,Francia
Montevideo,Uruguay
Nueva Delhi,India
Buenos Aires,Argentina
Toronto,Canada
Beijing,China
Buenos Aires,Argentina
Hong Kong,Hong Kong
Estambul,Turquia
Tokio,Japon
San Francisco,Estados Unidos
Nueva York,Estados Unidos
Beijing,China
Roma,Italia
Seul,Corea del Sur
Nueva York,Estados Unidos
Tel Aviv,China
Atenas,Grecia
Paris,Francia
Londres,Inglaterra
Chicago,Estados Unidos
Lima,Peru
Seul,Corea del Sur
Ciudad del Cabo,Sudafrica
Nueva Delhi,India
Montevideo,Uruguay
Santiago,Chile
El Cairo,Egipto
Toronto,Canada
Madrid,España
Nueva York,Estados Unidos
Londres,Inglaterra
Montevideo,Uruguay
Seul,Corea del Sur
Madrid,España
Shangai,China
Sidney,Australia
Atenas,Grecia
Sidney,Australia
Santiago,Chile
Barcelona,España
Santiago,Chile
Seul,Corea del Sur
Sidney,Australia
Roma,Italia
Madrid,España
Nueva York,Estados Unidos
Beijing,China
Miami,Estados Unidos
Lima,Peru
Paris,Francia
Atenas,Grecia
San Francisco,Estados Unidos
Londres,Inglaterra
Atenas,Grecia
Miami,Estados Unidos
Paris,Francia
Estambul,Turquia
Atenas,Grecia
Barcelona,España
Nueva York,Estados Unidos
Nueva York,Estados Unidos
Sao Pablo,Brasil
Tel Aviv,China
Amsterdam,Paises Bajos
Tel Aviv,China
Atenas,Grecia
Atenas,Grecia
Barcelona,España
El Cairo,Egipto
Rio de Janeiro,Brasil
Beijing,China
Amsterdam,Paises Bajos
Sidney,Australia
Cancun,Mexico
Toronto,Canada
Ciudad del Cabo,Sudafrica
Roma,Italia
Cancun,Mexico
Cancun,Mexico
Barcelona,España
Tokio,Japon
Santiago,Chile
Santiago,Chile
Toronto,Canada
Milan,Italia
Tel Aviv,China
Rio de Janeiro,Brasil
Nueva York,Estados Unidos
Roma,Italia
Ciudad del Cabo,Sudafrica
El Cairo,Egipto
Amsterdam,Paises Bajos
Seul,Corea del Sur
Hong Kong,Hong Kong
Seul,Corea del Sur
Shangai,China
Cancun,Mexico
Santiago,Chile
La Paz,Bolivia
Ibiza,España
Nueva York,Estados Unidos
San Francisco,Estados Unidos
Ciudad del Cabo,Sudafrica
Cancun,Mexico
Chicago,Estados Unidos
San Francisco,Estados Unidos
San Francisco,Estados Unidos
Sidney,Australia
Nueva York,Estados Unidos
El Cairo,Egipto
Toronto,Canada
Cancun,Mexico
Milan,Italia
Rio de Janeiro,Brasil
Seul,Corea del Sur
Atenas,Grecia
Caracas,Venezuela
Caracas,Venezuela
Nueva York,Estados Unidos
Toronto,Canada
Londres,Inglaterra
Miami,Estados Unidos
Nueva York,Estados Unidos
Shangai,China
Rio de Janeiro,Brasil
Amsterdam,Paises Bajos
Melbourne,Australia
Madrid,España
Tel Aviv,China
Nueva Delhi,India
Hong Kong,Hong Kong
Amsterdam,Paises Bajos
Tel Aviv,China
Santiago,Chile
Nueva York,Estados Unidos
Amsterdam,Paises Bajos
Santiago,Chile
Nueva York,Estados Unidos
Caracas,Venezuela
Seul,Corea del Sur
Madrid,España
San Francisco,Estados Unidos
Sao Pablo,Brasil
Chicago,Estados Unidos
Toronto,Canada
Ibiza,España
Seul,Corea del Sur
El Cairo,Egipto
Melbourne,Australia
Santiago,Chile
Barcelona,España
Buenos Aires,Argentina
Rio de Janeiro,Brasil
Paris,Francia
Miami,Estados Unidos
Santiago,Chile
Hong Kong,Hong Kong
Cancun,Mexico
Estambul,Turquia
Beijing,China
Madrid,España
Seul,Corea del Sur
Amsterdam,Paises Bajos
Sidney,Australia
Santiago,Chile
Sidney,Australia
Sidney,Australia
Santiago,Chile
Tel Aviv,China
Buenos Aires,Argentina
Milan,Italia
Milan,Italia
Nueva Delhi,India
Tokio,Japon
Tel Aviv,China
Roma,Italia
Tel Aviv,China
Roma,Italia
Tel Aviv,China
Santiago,Chile
Amsterdam,Paises Bajos
La Paz,Bolivia
Beijing,China
Sidney,Australia
Nueva York,Estados Unidos
Atenas,Grecia
El Cairo,Egipto
Melbourne,Australia
Rio de Janeiro,Brasil
Nueva York,Estados Unidos
Sao Pablo,Brasil
La Paz,Bolivia
Miami,Estados Unidos
Cancun,Mexico
Amsterdam,Paises Bajos
Amsterdam,Paises Bajos
Atenas,Grecia
Nueva Delhi,India
Sidney,Australia
Rio de Janeiro,Brasil
Shangai,China
Barcelona,España
Rio de Janeiro,Brasil
Tel Aviv,China
Sidney,Australia
San Francisco,Estados Unidos
Nueva York,Estados Unidos
Sidney,Australia
Nueva York,Estados Unidos
La Paz,Bolivia
Nueva Delhi,India
Ciudad del Cabo,Sudafrica
Nueva York,Estados Unidos
San Francisco,Estados Unidos
El Cairo,Egipto
Madrid,España
Seul,Corea del Sur
Tel Aviv,China
Estambul,Turquia
Chicago,Estados Unidos
Nueva York,Estados Unidos
Tel Aviv,China
Cancun,Mexico
Tel Aviv,China
El Cairo,Egipto
Atenas,Grecia
Roma,Italia
Cancun,Mexico
Londres,Inglaterra
Sidney,Australia
Tokio,Japon
Chicago,Estados Unidos
Tokio,Japon
Hong Kong,Hong Kong
Atenas,Grecia
Chicago,Estados Unidos
Buenos Aires,Argentina
Nueva York,Estados Unidos
Nueva York,Estados Unidos
Seul,Corea del Sur
Nueva York,Estados Unidos
Tokio,Japon
Beijing,China
Tel Aviv,China
Londres,Inglaterra
Cancun,Mexico
Nueva York,Estados Unidos
Beijing,China
San Francisco,Estados Unidos
Estambul,Turquia
Santiago,Chile
Paris,Francia
Nueva York,Estados Unidos
Madrid,España
Nueva York,Estados Unidos
La Paz,Bolivia
Beijing,China
Amsterdam,Paises Bajos
Amsterdam,Paises Bajos
Sidney,Australia
Tel Aviv,China
Estambul,Turquia
Nueva York,Estados Unidos
Santiago,Chile
Atenas,Grecia
San Francisco,Estados Unidos
Buenos Aires,Argentina
Sidney,Australia
Cancun,Mexico
Paris,Francia
Ciudad del Cabo,Sudafrica
Estambul,Turquia
Sao Pablo,Brasil
Milan,Italia
Lima,Peru
Nueva Delhi,India
Caracas,Venezuela
Barcelona,España
Seul,Corea del Sur
Santiago,Chile
Hong Kong,Hong Kong
Ciudad del Cabo,Sudafrica
Amsterdam,Paises Bajos
Caracas,Venezuela
La Paz,Bolivia
Seul,Corea del Sur
Nueva York,Estados Unidos
Sao Pablo,Brasil
Caracas,Venezuela
Ciudad del Cabo,Sudafrica
Shangai,China
San Francisco,Estados Unidos
La Paz,Bolivia
Madrid,España
Melbourne,Australia
Santiago,Chile
Montevideo,Uruguay
Barcelona,España
Amsterdam,Paises Bajos
Beijing,China
Estambul,Turquia
Milan,Italia
Sidney,Australia
Paris,Francia
Roma,Italia
Shangai,China
Roma,Italia
Nueva York,Estados Unidos
Toronto,Canada
Hong Kong,Hong Kong
Nueva York,Estados Unidos
Estambul,Turquia
Ciudad del Cabo,Sudafrica
Tokio,Japon
Roma,Italia
Nueva York,Estados Unidos
Buenos Aires,Argentina
Madrid,España
Hong Kong,Hong Kong
Shangai,China
Miami,Estados Unidos
Londres,Inglaterra
Barcelona,España
Shangai,China
La Paz,Bolivia
Atenas,Grecia
Ibiza,España
La Paz,Bolivia
Madrid,España
Ibiza,España
Shangai,China
Miami,Estados Unidos
La Paz,Bolivia
Barcelona,España
Sao Pablo,Brasil
Lima,Peru
Tel Aviv,China
Paris,Francia
Santiago,Chile
Ciudad del Cabo,Sudafrica
Ibiza,España
Caracas,Venezuela
El Cairo,Egipto
Madrid,España
Cancun,Mexico
Estambul,Turquia
Paris,Francia
Londres,Inglaterra
Madrid,España
San Francisco,Estados Unidos
Shangai,China
Hong Kong,Hong Kong
Tokio,Japon
La Paz,Bolivia
La Paz,Bolivia
Ibiza,España
Santiago,Chile
Estambul,Turquia
Buenos Aires,Argentina
Madrid,España
Toronto,Canada
Sidney,Australia
San Francisco,Estados Unidos
El Cairo,Egipto
Montevideo,Uruguay
El Cairo,Egipto
Paris,Francia
Buenos Aires,Argentina
El Cairo,Egipto
Nueva York,Estados Unidos
Rio de Janeiro,Brasil
Lima,Peru
La Paz,Bolivia
Tel Aviv,China
Rio de Janeiro,Brasil
Sidney,Australia
Roma,Italia
Shangai,China
Sidney,Australia
Lima,Peru
Beijing,China
La Paz,Bolivia
Sao Pablo,Brasil
Estambul,Turquia
Seul,Corea del Sur
Santiago,Chile
Hong Kong,Hong Kong
Milan,Italia
El Cairo,Egipto
Lima,Peru
Seul,Corea del Sur
Santiago,Chile
Buenos Aires,Argentina
El Cairo,Egipto
Ibiza,España
Nueva York,Estados Unidos
Tel Aviv,China
El Cairo,Egipto
Rio de Janeiro,Brasil
Nueva York,Estados Unidos
Cancun,Mexico
Tel Aviv,China
Estambul,Turquia
Seul,Corea del Sur
El Cairo,Egipto
Paris,Francia
Shangai,China
Nueva Delhi,India
Rio de Janeiro,Brasil
Estambul,Turquia
Milan,Italia
Sidney,Australia
Amsterdam,Paises Bajos
San Francisco,Estados Unidos
Milan,Italia
Rio de Janeiro,Brasil
Sao Pablo,Brasil
Ibiza,España
Sidney,Australia
Roma,Italia
Nueva York,Estados Unidos
Tel Aviv,China
Santiago,Chile
Amsterdam,Paises Bajos
Toronto,Canada
Seul,Corea del Sur
Nueva Delhi,India
Tokio,Japon
Montevideo,Uruguay
Melbourne,Australia
Tel Aviv,China
Madrid,España
Hong Kong,Hong Kong
Rio de Janeiro,Brasil
Toronto,Canada
Londres,Inglaterra
Nueva York,Estados Unidos
Estambul,Turquia
Nueva York,Estados Unidos
Estambul,Turquia
Santiago,Chile
Melbourne,Australia
Ibiza,España
Caracas,Venezuela
Ciudad del Cabo,Sudafrica
Roma,Italia
Miami,Estados Unidos
Toronto,Canada
Sidney,Australia
Buenos Aires,Argentina
Sidney,Australia
Caracas,Venezuela
Santiago,Chile
Buenos Aires,Argentina
Nueva York,Estados Unidos
Sidney,Australia
Atenas,Grecia
Estambul,Turquia
Milan,Italia
Caracas,Venezuela
Tel Aviv,China
Tel Aviv,China
Santiago,Chile
La Paz,Bolivia
Chicago,Estados Unidos
Shangai,China
Seul,Corea del Sur
Ciudad del Cabo,Sudafrica
Nueva York,Estados Unidos
Nueva York,Estados Unidos
Atenas,Grecia
Tel Aviv,China
Montevideo,Uruguay
Barcelona,España
Milan,Italia
Madrid,España
Amsterdam,Paises Bajos
La Paz,Bolivia
Toronto,Canada
Nueva Delhi,India
La Paz,Bolivia
Buenos Aires,Argentina
Montevideo,Uruguay
San Francisco,Estados Unidos
Rio de Janeiro,Brasil
Lima,Peru
Buenos Aires,Argentina
Caracas,Venezuela
Atenas,Grecia
Santiago,Chile
San Francisco,Estados Unidos
Toronto,Canada
Tel Aviv,China
Nueva York,Estados Unidos
Santiago,Chile
Atenas,Grecia
Roma,Italia
Toronto,Canada
Nueva York,Estados Unidos
Toronto,Canada
Caracas,Venezuela
Miami,Estados Unidos
Nueva York,Estados Unidos
Rio de Janeiro,Brasil
Caracas,Venezuela
Toronto,Canada
San Francisco,Estados Unidos
Santiago,Chile
Santiago,Chile
Londres,Inglaterra
Melbourne,Australia
Santiago,Chile
San Francisco,Estados Unidos
Madrid,España
Milan,Italia
Toronto,Canada
Lima,Peru
Toronto,Canada
Santiago,Chile
Caracas,Venezuela
Hong Kong,Hong Kong
Nueva York,Estados Unidos
Amsterdam,Paises Bajos
Milan,Italia
Nueva York,Estados Unidos
Ciudad del Cabo,Sudafrica
Chicago,Estados Unidos
Nueva York,Estados Unidos
Paris,Francia
Santiago,Chile
Santiago,Chile
Atenas,Grecia
Caracas,Venezuela
Miami,Estados Unidos
Nueva Delhi,India
Madrid,España
Barcelona,España
Caracas,Venezuela
Lima,Peru
Ibiza,España
Roma,Italia
Tokio,Japon
Madrid,España
La Paz,Bolivia
San Francisco,Estados Unidos
San Francisco,Estados Unidos
Caracas,Venezuela
Tokio,Japon
Ciudad del Cabo,Sudafrica
Roma,Italia
Estambul,Turquia
Ciudad del Cabo,Sudafrica
Nueva York,Estados Unidos
Lima,Peru
Nueva York,Estados Unidos
Barcelona,España
Montevideo,Uruguay
Sidney,Australia
Lima,Peru
Estambul,Turquia
Santiago,Chile
Barcelona,España
Atenas,Grecia
Buenos Aires,Argentina
Shangai,China
Sao Pablo,Brasil
Caracas,Venezuela
Estambul,Turquia
Paris,Francia
Shangai,China
Amsterdam,Paises Bajos
Caracas,Venezuela
Buenos Aires,Argentina
Seul,Corea del Sur
Rio de Janeiro,Brasil
Sidney,Australia
Toronto,Canada
Montevideo,Uruguay
Melbourne,Australia
Sidney,Australia
Tel Aviv,China
Tokio,Japon
Shangai,China
Miami,Estados Unidos
Rio de Janeiro,Brasil
Hong Kong,Hong Kong
Seul,Corea del Sur
Sidney,Australia
Sao Pablo,Brasil
Tel Aviv,China
Rio de Janeiro,Brasil
Beijing,China
Milan,Italia
El Cairo,Egipto
Atenas,Grecia
Ibiza,España
Londres,Inglaterra
Madrid,España
Amsterdam,Paises Bajos
Shangai,China
Chicago,Estados Unidos
Roma,Italia
Miami,Estados Unidos
San Francisco,Estados Unidos
Nueva Delhi,India
Paris,Francia
Santiago,Chile
Roma,Italia
Seul,Corea del Sur
San Francisco,Estados Unidos
Milan,Italia
Miami,Estados Unidos
Sidney,Australia
Toronto,Canada
La Paz,Bolivia
Santiago,Chile
Sidney,Australia
Sao Pablo,Brasil
Miami,Estados Unidos
Madrid,España
Beijing,China
Roma,Italia
Rio de Janeiro,Brasil
La Paz,Bolivia
Rio de Janeiro,Brasil
Santiago,Chile
Nueva York,Estados Unidos
Buenos Aires,Argentina
Seul,Corea del Sur
Buenos Aires,Argentina
Miami,Estados Unidos
Tel Aviv,China
Londres,Inglaterra
Sidney,Australia
La Paz,Bolivia
Santiago,Chile
Ciudad del Cabo,Sudafrica
Cancun,Mexico
Paris,Francia
Ibiza,España
Sidney,Australia
Paris,Francia
Londres,Inglaterra
Barcelona,España
Buenos Aires,Argentina
Caracas,Venezuela
Madrid,España
Amsterdam,Paises Bajos
Milan,Italia
Caracas,Venezuela
Shangai,China
Nueva York,Estados Unidos
Madrid,España
Seul,Corea del Sur
Caracas,Venezuela
Montevideo,Uruguay
Nueva York,Estados Unidos
Tel Aviv,China
Santiago,Chile
El Cairo,Egipto
Nueva York,Estados Unidos
Buenos Aires,Argentina
Lima,Peru
Tokio,Japon
Cancun,Mexico
Beijing,China
Madrid,España
Toronto,Canada
Toronto,Canada
Nueva York,Estados Unidos
Rio de Janeiro,Brasil
Buenos Aires,Argentina
Madrid,España
Hong Kong,Hong Kong
La Paz,Bolivia
Lima,Peru
Paris,Francia
Lima,Peru
Roma,Italia
Nueva York,Estados Unidos
Caracas,Venezuela
Sao Pablo,Brasil
Melbourne,Australia
Ibiza,España
Sidney,Australia
Sidney,Australia
Nueva York,Estados Unidos
San Francisco,Estados Unidos
Atenas,Grecia
Amsterdam,Paises Bajos
Milan,Italia
Amsterdam,Paises Bajos
La Paz,Bolivia
Nueva York,Estados Unidos
Milan,Italia
Sidney,Australia
Nueva Delhi,India
Hong Kong,Hong Kong
El Cairo,Egipto
Miami,Estados Unidos
Nueva York,Estados Unidos
Buenos Aires,Argentina
Londres,Inglaterra
Atenas,Grecia
El Cairo,Egipto
Montevideo,Uruguay
Amsterdam,Paises Bajos
Roma,Italia
Shangai,China
La Paz,Bolivia
Milan,Italia
Barcelona,España
Montevideo,Uruguay
Santiago,Chile
Tokio,Japon
Nueva York,Estados Unidos
Atenas,Grecia
Madrid,España
Buenos Aires,Argentina
Beijing,China
Tel Aviv,China
Barcelona,España
Beijing,China
Sidney,Australia
El Cairo,Egipto
Nueva York,Estados Unidos
Buenos Aires,Argentina
Madrid,España
Melbourne,Australia
Nueva York,Estados Unidos
Nueva York,Estados Unidos
Paris,Francia
Madrid,España
Caracas,Venezuela
Cancun,Mexico
Sao Pablo,Brasil
Nueva York,Estados Unidos
Roma,Italia
Amsterdam,Paises Bajos
Tokio,Japon
Rio de Janeiro,Brasil
Tokio,Japon
Nueva Delhi,India
Toronto,Canada
Londres,Inglaterra
Sao Pablo,Brasil
Milan,Italia
La Paz,Bolivia
Caracas,Venezuela
Toronto,Canada
Estambul,Turquia
Sidney,Australia
Amsterdam,Paises Bajos
Amsterdam,Paises Bajos
Estambul,Turquia
Nueva York,Estados Unidos
Milan,Italia
Ibiza,España
Sao Pablo,Brasil
Tokio,Japon
Londres,Inglaterra
Tel Aviv,China
Nueva York,Estados Unidos
Lima,Peru
Milan,Italia
Santiago,Chile
Nueva York,Estados Unidos
La Paz,Bolivia
Nueva Delhi,India
Nueva York,Estados Unidos
Chicago,Estados Unidos
Paris,Francia
Toronto,Canada
Atenas,Grecia
Sidney,Australia
Ciudad del Cabo,Sudafrica
Toronto,Canada
